https://images-wixmp-ed30a86b8c4ca887773594c2.wixmp.com/f/95bd094a-29d0-4034-a5bf-86ede513abc2/d61iq41-a14b55c0-4f2c-468b-a5d8-b55b419b95c7.jpg/v1/fill/w_809,h_988,q_70,strp/super_saiyan_1_vegeta_by_gokujr96_d61iq41-pre.jpg?token=eyJ0eXAiOiJKV1QiLCJhbGciOiJIUzI1NiJ9.eyJzdWIiOiJ1cm46YXBwOjdlMGQxODg5ODIyNjQzNzNhNWYwZDQxNWVhMGQyNmUwIiwiaXNzIjoidXJuOmFwcDo3ZTBkMTg4OTgyMjY0MzczYTVmMGQ0MTVlYTBkMjZlMCIsIm9iaiI6W1t7ImhlaWdodCI6Ijw9MTI1MCIsInBhdGgiOiJcL2ZcLzk1YmQwOTRhLTI5ZDAtNDAzNC1hNWJmLTg2ZWRlNTEzYWJjMlwvZDYxaXE0MS1hMTRiNTVjMC00ZjJjLTQ2OGItYTVkOC1iNTViNDE5Yjk1YzcuanBnIiwid2lkdGgiOiI8PTEwMjQifV1dLCJhdWQiOlsidXJuOnNlcnZpY2U6aW1hZ2Uub3BlcmF0aW9ucyJdfQ.AQJoIcGsGP1e40SQsJvmNxLgJ-r4lZp4zpHw3j5ON_g
https://ae01.alicdn.com/kf/HTB1.tIONFXXXXbaaXXXq6xXFXXXM/7pcs-lot-Dragon-Ball-Figures-GT-Dragon-Ball-Z-Toys-Goku-Vegeta-Super-Saiyan-1-2.jpg
https://static.comicvine.com/uploads/original/11111/111111327/3153874-coloured_vegeta_ssj1_by_kingvegito.jpg
https://vignette.wikia.nocookie.net/dragon-ball-x-a-joe-capo-production/images/5/50/Vegeta_super_saiyan.png/revision/latest/scale-to-width-down/310?cb=20180329131214
https://i.ytimg.com/vi/LucMg-Zd8mk/maxresdefault.jpg
https://images-na.ssl-images-amazon.com/images/I/61og8oiBZrL._SY741_.jpg
https://images-wixmp-ed30a86b8c4ca887773594c2.wixmp.com/f/8f97b485-6aea-4cc5-8f07-2fced2edaa23/dpfwhp-f5b5ebed-731c-4126-8b60-054d6dc1291e.jpg?token=eyJ0eXAiOiJKV1QiLCJhbGciOiJIUzI1NiJ9.eyJzdWIiOiJ1cm46YXBwOjdlMGQxODg5ODIyNjQzNzNhNWYwZDQxNWVhMGQyNmUwIiwiaXNzIjoidXJuOmFwcDo3ZTBkMTg4OTgyMjY0MzczYTVmMGQ0MTVlYTBkMjZlMCIsIm9iaiI6W1t7InBhdGgiOiJcL2ZcLzhmOTdiNDg1LTZhZWEtNGNjNS04ZjA3LTJmY2VkMmVkYWEyM1wvZHBmd2hwLWY1YjVlYmVkLTczMWMtNDEyNi04YjYwLTA1NGQ2ZGMxMjkxZS5qcGcifV1dLCJhdWQiOlsidXJuOnNlcnZpY2U6ZmlsZS5kb3dubG9hZCJdfQ.Fj_IolVJzDdvT8Q3BdZ57Z2pfonOlUCmqio_wta0caQ
https://i.ytimg.com/vi/9adJr4bE3sw/maxresdefault.jpg
https://i.ytimg.com/vi/PgecDWg3L2Y/maxresdefault.jpg
https://www.trzcacak.rs/myfile/detail/240-2401262_vegeta-super-saiyan-vegeta-super-sayen-1.png
https://i.pinimg.com/originals/09/d8/e6/09d8e6968a3bf581d4477eca36381b9a.jpg
https://vignette.wikia.nocookie.net/dragonballaffanon/images/4/4a/VegetaAscendedSuperSaiyanEp155.png/revision/latest?cb=20110331024251
https://www.nicepng.com/png/detail/148-1487270_vegeta-super-saiyan-vegeta-super-saiyan-1-png.png
https://images-wixmp-ed30a86b8c4ca887773594c2.wixmp.com/f/7a441b3e-e284-4f75-a7fb-8375e54df595/d55ccj2-0fe21bf7-64c2-4eae-a36f-4a4c25b91a26.png?token=eyJ0eXAiOiJKV1QiLCJhbGciOiJIUzI1NiJ9.eyJzdWIiOiJ1cm46YXBwOjdlMGQxODg5ODIyNjQzNzNhNWYwZDQxNWVhMGQyNmUwIiwiaXNzIjoidXJuOmFwcDo3ZTBkMTg4OTgyMjY0MzczYTVmMGQ0MTVlYTBkMjZlMCIsIm9iaiI6W1t7InBhdGgiOiJcL2ZcLzdhNDQxYjNlLWUyODQtNGY3NS1hN2ZiLTgzNzVlNTRkZjU5NVwvZDU1Y2NqMi0wZmUyMWJmNy02NGMyLTRlYWUtYTM2Zi00YTRjMjViOTFhMjYucG5nIn1dXSwiYXVkIjpbInVybjpzZXJ2aWNlOmZpbGUuZG93bmxvYWQiXX0._vS-VusyjJL1hwdW11X019eujmldzVInMOBxyeilE2A
https://i.ytimg.com/vi/ToHfCWZtfQ4/hqdefault.jpg
http://2.bp.blogspot.com/-ouuWqj2-KEY/UhmuFZRzaRI/AAAAAAAAAQU/8nWMb7LJK8w/s1600/vegeta_Super_saiyan_1_ssj1_dbzhdwallpaper.blogspot.com_01.jpg
https://i.ytimg.com/vi/CUDApObAvkE/hqdefault.jpg
https://images2.wikia.nocookie.net/__cb20130722024013/dragonball/es/images/f/f5/0000000vegeta_ssj_1.jpg
https://cdn.shopify.com/s/files/1/1667/4349/products/01101746_4ee7720a-42fe-4d48-9f81-7f6ab2899311_1800x1800.jpg?v=1548834921
https://qph.fs.quoracdn.net/main-qimg-37ea1b59024563d149ca5690052d8c87
https://www.sccpre.cat/mypng/detail/243-2436019_vegeta-super-saiyan.png
http://legendra.altervista.org/blog/wp-content/uploads/2015/04/Super-Saiyan-1-Vegeta-Portrait-Big.png
https://www.nicepng.com/png/detail/129-1293718_vegeta-super-saiyan-blue-aura-by-frost-z.png
https://i.ebayimg.com/images/g/rTkAAOSwBg5c1RDE/s-l300.jpg
https://vignette.wikia.nocookie.net/ultradragonball/images/9/9e/Vegeta_scouter_ssj_by_db_own_universe_arts-d3avoy2.png/revision/latest?cb=20111112032042
https://i.ytimg.com/vi/XCfMHxKYY_Q/hqdefault.jpg
https://cdn11.bigcommerce.com/s-0kvv9/images/stencil/1280x1280/products/289367/406778/apigxgov0__51908.1551455751.jpg?c=2&imbypass=on
https://vignette.wikia.nocookie.net/dragonballfanon/images/a/ac/Vegeta.jpg/revision/latest?cb=20121111154909
http://getwallpapers.com/wallpaper/full/a/f/7/245477.jpg
https://images-wixmp-ed30a86b8c4ca887773594c2.wixmp.com/f/fcf0aff8-3a0c-4f97-97c6-3879137d6c1e/da5jjmw-e1451f26-af20-424a-a3d8-03461b050247.jpg?token=eyJ0eXAiOiJKV1QiLCJhbGciOiJIUzI1NiJ9.eyJzdWIiOiJ1cm46YXBwOjdlMGQxODg5ODIyNjQzNzNhNWYwZDQxNWVhMGQyNmUwIiwiaXNzIjoidXJuOmFwcDo3ZTBkMTg4OTgyMjY0MzczYTVmMGQ0MTVlYTBkMjZlMCIsIm9iaiI6W1t7InBhdGgiOiJcL2ZcL2ZjZjBhZmY4LTNhMGMtNGY5Ny05N2M2LTM4NzkxMzdkNmMxZVwvZGE1amptdy1lMTQ1MWYyNi1hZjIwLTQyNGEtYTNkOC0wMzQ2MWIwNTAyNDcuanBnIn1dXSwiYXVkIjpbInVybjpzZXJ2aWNlOmZpbGUuZG93bmxvYWQiXX0.EgSFW9QIt1Bz0ehPxANuk68SM7dnl_grfqW6tR35apw
https://ae01.alicdn.com/kf/HTB1A7nvBZyYBuNkSnfoq6AWgVXau/Statue-Anime-Dragon-Ball-Z-Super-Saiyan-Vegeta-1-6-GK-Full-Length-Portrait-Resin-Action.jpg
http://images2.fanpop.com/images/polls/254000/254878_1245361116455_full.jpg?v=1245361282
https://p7.hiclipart.com/preview/1017/31/727/goku-trunks-vegeta-gohan-majin-buu-dragon-ball-goku-png-clipart.jpg
https://static.comicvine.com/uploads/original/5/59300/4119747-7232579047-31229.png
https://i.pinimg.com/736x/09/38/38/0938389239463d57f0f1d64bbe587b17.jpg
https://images-wixmp-ed30a86b8c4ca887773594c2.wixmp.com/f/4e55146f-a20b-4425-80ad-7dd7b1d4a447/d5we4y7-7dca90f5-6f98-4c0d-8d6d-dc65774bfe22.png?token=eyJ0eXAiOiJKV1QiLCJhbGciOiJIUzI1NiJ9.eyJzdWIiOiJ1cm46YXBwOjdlMGQxODg5ODIyNjQzNzNhNWYwZDQxNWVhMGQyNmUwIiwiaXNzIjoidXJuOmFwcDo3ZTBkMTg4OTgyMjY0MzczYTVmMGQ0MTVlYTBkMjZlMCIsIm9iaiI6W1t7InBhdGgiOiJcL2ZcLzRlNTUxNDZmLWEyMGItNDQyNS04MGFkLTdkZDdiMWQ0YTQ0N1wvZDV3ZTR5Ny03ZGNhOTBmNS02Zjk4LTRjMGQtOGQ2ZC1kYzY1Nzc0YmZlMjIucG5nIn1dXSwiYXVkIjpbInVybjpzZXJ2aWNlOmZpbGUuZG93bmxvYWQiXX0.2JqWN6_T9sGmMZpwCIrohEfy3ifOKxPUnL9dc5VSV9M
https://cdn11.bigcommerce.com/s-0kvv9/images/stencil/1280x1280/products/289358/406867/dragonballsuperlimitbreakers1__71792.1551455754.jpg?c=2&imbypass=on
https://dbz-store.com/wp-content/uploads/2018/08/yume-mrc-super-saiyan-vegeta-recast-1-510x510.jpg
https://cdn10.bigcommerce.com/s-rpnfvj/products/4814/images/80542/1000130521_1__13967.1544763336.1280.1280.jpg?c=2
https://media.entertainmentearth.com/assets/images/5a0a58568e7c4e6faae5057d8afe9efflg.jpg
http://pixelartmaker.com/art/eb8e27d8bf25d03.png
https://i.pinimg.com/originals/28/a4/b7/28a4b74544167266fdd6640282d4b6db.png
https://ae01.alicdn.com/kf/HTB1KC28TwDqK1RjSZSyq6yxEVXaq/1-pcs-Cartoon-Dragon-Ball-Gogeta-vs-Broly-Super-Saiyan-Goku-Vegeta-Broli-Action-Figure-PVC.jpg
http://orig07.deviantart.net/e276/f/2016/214/d/e/vegeta_preparing_final_flash___comparison_by_zika_arts-dacagjh.png
https://www.eknightmedia.com/media/catalog/product/cache/1/image/9df78eab33525d08d6e5fb8d27136e95/4/9/4983164359282.jpg
https://images-na.ssl-images-amazon.com/images/I/41TF9Wuof4L._SX466_.jpg
https://wallpapercave.com/wp/wp2722586.jpg
https://i.ebayimg.com/images/g/5K4AAOSwhzhcKlI9/s-l300.jpg
https://i.ytimg.com/vi/YUb-TgHckSA/maxresdefault.jpg
https://nintendoeverything.com/wp-content/uploads/super-saiyan-god-vegeta-dragon-ball-xenoverse-2-1.jpg
https://www.heroesplusultra.com/wp-content/uploads/2018/01/dragon-ball-super-saiyan-vegeta-action-figure-00.jpg
https://cdn11.bigcommerce.com/s-0kvv9/images/stencil/1280x1280/products/289891/407795/apidehelm__07200.1551985160.jpg?c=2&imbypass=on
https://ae01.alicdn.com/kf/HTB1bcM.lbwrBKNjSZPcq6xpapXah/Dragon-Ball-Z-Goku-Vegeta-Bust-Action-Figure-1-8-scale-painted-figure-Super-Saiyan-Gogeta.jpg
http://d3nt9em9l1urz8.cloudfront.net/media/catalog/product/cache/3/image/9df78eab33525d08d6e5fb8d27136e95/b/z/bzbp38908-02v_1.jpg
https://img.gta5-mods.com/q95/images/topless-vegeta-ssj-blue-evolution-ascended-super-saiyan-blue-dragon-ball-super-add-on/f85750-20180516212646_1.jpg
https://images-na.ssl-images-amazon.com/images/I/5198YJK84SL._SY879_.jpg
https://1.bp.blogspot.com/-mlC-PPiuSRU/UaoRARbrUCI/AAAAAAAAC9c/e-mgpI2kzDU/s1600/Vegeta_Super_Saiyan_3_SSJ3_amazing-pict.blogspot.com_01.jpg
https://i.neoseeker.com/n/6/ssgss_ultimate_burstkamehameha1.jpg
https://img.depor.com/files/ec_article_multimedia_gallery/uploads/2018/08/27/5b84a485bfd15.jpeg
https://i.pinimg.com/originals/a1/7b/6f/a17b6fff01bc538aa04eb8d037cf9268.jpg
https://i.kym-cdn.com/photos/images/original/001/010/415/167.png
https://crystal-cdn2.crystalcommerce.com/photos/6367634/large/BT1-028ab.png
http://www.hopetounresidences.co.nz/images/cate_12/640/15CM-Dragon-Ball-Yellow-hair-Vegeta-Toy-PVC-Anime-Figure-Super-Saiyan-1-Model-Figures-Doll-Decoration-Kids-Gift-Z80-XOTW78444-ftg0.jpg
https://cdn.shopify.com/s/files/1/1034/8911/products/aYbXGtfytsKetf3JZWA6dwBXCPeCnn-front.png?v=1486634720
https://www.dhresource.com/0x0s/f2-albu-g8-M01-3D-AD-rBVaVFwACy6AN2RQAAabS6u2gOQ082.jpg/buy-4-free-1-dragonball-vegeta-god-super.jpg
https://cdn.wallpapersafari.com/63/49/Kr02m4.jpg
http://cradiff.com/wp-content/uploads/2015/08/vegeta12-e1439202740709.png
https://cdn.shopify.com/s/files/1/0976/8592/products/DBZ_Super_Saiyan_God_Vegeta_Whis_Symbol_Resurrection_F_Action_Figure_1_x700.JPG?v=1501771277
http://myhobbytoys.com/image/cache/catalog/bandai/DB-SuperSaiyanVegeta/1-800x800.jpg
http://youbentmywookie.com/wookie/gallery/0711_new-images-of-sh-figuarts-super-saiyan-vegeta-and-goku/SH-Figurarts-Super-Saiyan-Vegeta-1.jpg
https://ae01.alicdn.com/kf/HTB1HarLbdzvK1RkSnfoq6zMwVXa1/1-pcs-Dragon-Ball-Z-Action-Figure-Cute-Childhood-Version-Super-Saiyan-Goku-Vegeta-PVC-Model.jpg
https://cdn.shopify.com/s/files/1/1782/0745/products/dragonballfront_large.jpg?v=1544681043
https://i.imgur.com/5DUY2ia.png
https://1.bp.blogspot.com/-x4JCbXlBrx4/UaoQnT7SulI/AAAAAAAAC8s/bBPMYUYzyxg/s1600/Super_Saiyan_Vegeta_amazing-pict.blogspot.com_01.jpg
https://cdn10.bigcommerce.com/s-z5nmzh/products/15553/images/47252/Dragon_Ball_Super_Goku_and_Vegeta_Super_Saiyan_Blue__97081.1465634751.1280.1280.jpg?c=2
https://dbz-store.com/wp-content/uploads/2018/05/dragon-ball-z-super-saiyan-vegeta-1-4-resin-statue-510x680.jpg
https://i.pinimg.com/originals/f9/70/7b/f9707b534000b3db719b027821d4581e.jpg
https://pics.me.me/thumb_all-vegeta-super-saiyan-transformations-normal-super-salyan-super-saiyan-8372622.png
https://cdn11.bigcommerce.com/s-z5x6hb/images/stencil/1280x1280/products/15215/18977/830416dc-6be4-4e3c-b465-7381ab25fcf5__57502.1539794275.jpg?c=2?imbypass=on
https://static.comicvine.com/uploads/original/11112/111122896/4827402-goku_gt_ssj_by_diogouchiha-d69q3ue.png
https://www.nicepng.com/png/detail/148-1487396_render-de-vegeta-super-saiyajin-dragon-ball-z.png
https://ae01.alicdn.com/kf/HTB1UaY7RXXXXXXsXVXXq6xXFXXXI/100-Original-BANPRESTO-DRAMATIC-SHOWCASE-4th-season-vol-1-2-Collection-Figure-Super-Saiyan-Vegeta-Trunks.jpg
https://d3ieicw58ybon5.cloudfront.net/exq/65/1000.1000/shop/product/c3eb2a71bc974679ad33401802b70110.jpg
https://www.dhresource.com/0x0s/f2-albu-g9-M00-89-05-rBVaVVw2xtSAPgc3AADi-wmziL8548.jpg/2pcs-a-lots-dragon-ball-z-vegeta-trunks-action.jpg
https://images-na.ssl-images-amazon.com/images/I/81lURkq-YyL._SX425_.jpg
https://vignette.wikia.nocookie.net/dragonballfanon/images/6/6c/Ssjgodvegeta2.jpg/revision/latest?cb=20131014210037
http://magicandgames.com/image/cache/catalog/Dragon%20Ball%20Super%20-%20Dragon%20Stars%20Super%20Saiyan%20Vegeta%20Figure%20Series%201-750x750.jpg
https://media.entertainmentearth.com/assets/images/34369b5f7b3f4fb5b53645ac8f9d544dlg.jpg
https://www.teslastoys.com/wp-content/uploads/2017/05/DBZ-FIG025.jpg
https://i.pinimg.com/originals/6b/c4/7d/6bc47dee2a3ffe6aca4ed17e5b5d7d2f.jpg
https://cdn.shopify.com/s/files/1/0054/4371/5170/products/FiGPiN_DRAGONBALL_Z_Super_Saiyan_Vegeta_25_BOX.png?v=1539211346
https://cdn.shopify.com/s/files/1/1141/1726/products/Image_4-5-19_at_2.15_PM_2_800x.jpg?v=1554713095
https://i.ebayimg.com/images/g/rc8AAOSwPrdb5JjM/s-l640.jpg
https://www.picclickimg.com/d/l400/pict/283431807382_/Tystoys-Dragon-Ball-Super-Saiyan-GOKU-VEGETA-Stand.jpg
https://d9nvuahg4xykp.cloudfront.net/7377980025458073376/5232163369458209642.jpg
http://images3.wikia.nocookie.net/__cb20111108231056/thedragonballfanon/images/5/53/SSJ_Vegeta.jpg
https://www.sccpre.cat/mypng/detail/267-2678342_drawing-vegeta-eyes-easy-goku-super-saiyan-1.png
https://i.pinimg.com/originals/9c/f8/46/9cf846573aea57230ba8b44b9a71993b.jpg
https://external-preview.redd.it/XthYzOs0BV9SGVj9LLZdhjLy2C6jcDSSGXY-XyCPxkI.jpg?auto=webp&s=adaa694d32be943b9f8fe492b86c0c017daaf5a9
https://i.ytimg.com/vi/djHnC4RgoAE/maxresdefault.jpg